Seq,Value,Cost,Type,Category,Reference,Sub,Dec,Ticket
1,0.993190858335105,704.151859720177,A,Gold,399.122282809757,-70,Gamma,1432
2,0.555051310059166,776.584086430537,B,Silver,828.930698378043,74,Gamma,1433
3,0.0890770883227318,909.221706181418,B,Silver,987.120310195753,-55,Gamma,1434
4,0.109345778842911,57.2442840655498,B,Silver,980.133134243492,87,Gamma,1435
5,0.290697424748017,898.92160632871,B,Silver,190.085343055745,-39,Gamma,1436
6,0.591107732196357,126.598489368848,B,Silver,651.264660866354,83,Gamma,1437
7,0.985322702594319,588.142563005177,C,Silver,252.743863713731,-43,Gamma,1438
8,0.331527780422579,832.966968426264,C,Silver,142.750118211529,50,Gamma,1439
9,0.311497095693109,193.32694327513,C,Silver,480.384255226109,-62,Gamma,1440
10,0.229713641141495,624.629506961937,C,Silver,962.968957191624,-38,Gamma,1441
11,0.584150538293673,407.485090397533,C,Silver,92.3350438542419,34,Gamma,1442
12,0.994786702442041,253.775342723383,C,Silver,112.583512969327,50,Gamma,1443
13,0.486521838945902,692.927808697104,C,Silver,445.044831421609,-88,Beta,1444
14,0.395297733840572,636.270625467371,C,Silver,170.493139348057,-53,Beta,1445
15,0.88299754234009,191.216383819458,C,Prata,584.578717756156,48,Beta,1446
16,0.984480543570699,816.133302085977,C,Prata,194.030118195885,30,Beta,1447
17,0.349117726767043,841.248692878885,C,Prata,171.726813358291,-9,Beta,1448
18,0.781607336398597,122.143960668979,C,Prata,356.906637006085,8,Beta,1449
19,0.176693781098386,223.52108605706,C,Prata,111.709761068553,76,Alpha,1450
20,0.184884530645312,537.274969789845,C,Prata,289.680072168402,-98,,1451
21,0.239797564371919,813.599446143667,D,Prata,582.179778469229,-39,,1452
22,0.627581702562189,838.533607210692,D,Prata,985.678139348974,99,,1453
23,0.919979025138982,143.580866130686,D,Prata,279.698234901063,35,,1454
24,0.69938816344553,462.687809433901,D,Prata,927.843162546437,9,,1455
25,0.415017986297005,520.988126986926,D,Prata,519.002096539402,-3,,1456
26,0.21040880591577,569.419506474381,D,Prata,107.572356294345,-46,,1457
27,0.924718209723486,321.71170753721,D,Prata,614.768770873511,90,,1458
28,0.229492912514461,837.803717617419,D,Prata,959.439667439793,29,,1459
29,0.0345112169565101,870.172439256621,D,Prata,946.790530301615,52,,1460
30,0.391364907031926,538.548174917626,D,Prata,411.696878057687,79,,1461
31,0.58605486611892,830.589390852318,D,Prata,661.320125840327,86,,1462
32,0.336303112528568,68.8942854283101,D,Prata,122.977177288287,-93,,1463
33,0.549423569681151,50.0229669789726,D,Prata,814.742488210854,11,,1464
34,0.377195310513747,564.743505443381,D,Prata,244.895271726223,-50,,1465
35,0.257368222890392,319.382201721657,D,Prata,964.506097279734,-19,,1466
36,0.157348924140211,171.502219160702,D,Prata,86.9851206465664,-54,,1467
37,0.184248816256718,144.363084882054,D,Prata,800.347377923399,-48,,1468
38,0.46154425747322,796.67582744835,D,Prata,945.379448840661,-22,,1469
39,0.718470040023904,4.71157638969632,D,Prata,319.094852933535,-31,,1470
40,0.952588807876959,709.472502014115,D,Prata,631.337043112321,26,,1471
41,0.762354151735435,2.28743482700277,D,Prata,910.655460622555,-9,,1472
42,0.418289295524429,413.762370620851,D,Prata,702.905607377979,47,,1473
43,0.335735291264538,497.643179108342,D,Prata,605.448135652167,-28,,1474
44,0.710242005126324,109.14651665447,D,Prata,670.057121556513,8,,1475
45,0.133018154572991,23.5605468363275,D,Prata,286.638905974109,-86,,1476
46,0.412905269624793,531.612309915042,D,Prata,114.867458053128,60,,1477
47,0.476063170246034,217.528413222519,D,Prata,304.535671523047,12,,1478
48,0.469806035403029,375.116723092575,D,Prata,974.392314710729,-21,,1479
49,0.333207448255237,362.794987837912,D,Prata,297.324935931734,66,,1480
50,0.240762900542934,850.826499326554,D,Prata,492.856089519299,-2,,1481
51,0.131686443227242,329.77916239535,D,Prata,879.494539741372,-1,,1482
52,0.520848562287417,694.551776273398,D,Prata,696.208702236753,-14,,1483
53,0.633572827744648,98.9451672149918,D,Prata,708.878306363052,-67,,1484
54,0.21797991806596,344.649228017462,D,Prata,925.279628326086,0,,1485
55,0.326350198392302,699.358284614125,D,Prata,104.524676592031,-14,,1486
56,0.595939943376952,376.013033004337,D,Prata,138.230949179016,82,,1487
57,0.157107919553426,693.064242341018,D,Prata,216.597993400031,99,,1488
58,0.861916981751852,547.605111471464,D,Prata,611.837003013423,14,,1489
59,0.927699979325635,477.766925653869,D,Gold,77.9495968221119,-18,,1490
60,0.824962469873441,658.217497811347,D,Silver,705.20174732796,47,,1491
61,0.0210725664478225,714.866993285338,D,Silver,270.665277465145,83,,1492
62,0.289895570459074,809.463808133675,D,Silver,534.671686213899,-49,,1493
63,0.439372883697414,708.994518669647,D,Silver,985.115145549837,-13,,1494
64,0.988045169191798,548.845734188286,D,Silver,739.471228823766,-44,,1495
65,0.744518607604658,91.6709154353584,D,Silver,114.738640771532,10,,1496
66,0.51940062953959,927.390083144627,D,Silver,745.846830484286,67,,1497
67,0.395020534614997,385.741621844494,D,Silver,539.168870593754,58,,1498
68,0.259451916355785,475.405380953898,D,Silver,834.154145113779,-30,,1499
69,0.984763510166842,970.839667834774,D,Silver,821.237584048745,85,,1500
70,0.709689418094066,839.542350749097,D,Silver,656.698486579053,-63,,1501
71,0.634798378762933,511.150760464953,D,Silver,676.858031692896,-36,,1502
72,0.967706237362241,125.401770329943,D,Silver,949.599153856343,82,,1503
73,0.207945741433785,873.574646465246,D,Prata,323.881541656434,27,,1504
74,0.779425235666097,942.658197175001,D,Prata,955.313244656533,78,,1505
75,0.445040003032968,298.10441020512,D,Prata,21.985667367906,-41,,1506
76,0.704731896240793,351.808004231958,D,Prata,754.178811518639,45,,1507
77,0.0129311199183809,691.936555482993,D,Prata,147.947046093842,-76,,1508
78,0.361082997004453,152.07648138227,D,Prata,375.883905970372,-47,,1509
79,0.891304003177582,377.812386952542,D,Prata,288.253928119514,81,,1510
80,0.0297410110109801,845.534157478838,D,Prata,903.775875094016,45,,1511
81,0.469335221302986,68.5988737210088,D,Prata,255.556326905747,-24,,1512
82,0.717436278049124,561.975191330283,D,Prata,838.733352662012,-33,,1513
83,0.313247532128996,506.421591134127,D,Prata,828.12796369739,33,,1514
84,0.459385045393255,654.422856887708,D,Prata,335.22868889251,-47,,1515
85,0.524137244368673,815.098596729864,D,Prata,551.902924959018,-57,,1516
86,0.519898596488938,808.106268944937,D,Prata,888.988425222947,-19,,1517
87,0.440355818269337,490.98708441465,D,Prata,802.094250618181,83,,1518
88,0.0415806778973989,350.969726031537,D,Prata,656.496793968904,0,,1519
89,0.377323391643438,796.444064610647,D,Prata,247.909474082942,28,,1520
90,0.294698473341468,627.425420904845,D,Prata,294.430970176415,-98,,1521
91,0.970490895960718,523.555782490409,D,Prata,459.973763653604,33,,1522
92,0.962922763619485,969.731219236764,D,Prata,858.249088875508,6,,1523
93,0.765345364952567,881.794026403704,D,Prata,935.441918565914,52,,1524
94,0.00280734443853585,902.362395272034,D,Prata,679.647800791909,98,,1525
95,0.944334402033032,406.34545320189,D,Prata,882.448188427326,-5,,1526
96,0.311159280881648,676.34466009402,D,Prata,669.685249221355,31,,1527
97,0.943490425870763,211.62790950641,D,Prata,745.611692534172,-58,,1528
98,0.262084861517804,121.887490888418,D,Prata,583.797095431912,-69,,1529
99,0.835103146743045,338.74726480411,D,Prata,975.416327212287,91,,1530
100,0.691968259133692,457.416545702871,D,Prata,592.672915876691,-18,,1531
101,0.476964753875385,438.729285117718,D,Prata,976.925924507089,64,,1532
102,0.87009628671856,308.218948169567,D,Prata,885.014534427422,40,,1533
103,0.905508513394568,246.837088492371,D,Prata,964.359289384187,-83,,1534
104,0.625741859043606,647.370099089268,D,Prata,364.903379055795,-42,,1535
105,0.665993627448853,423.198228251337,D,Prata,421.348067087714,-9,,1536
106,0.646476767925555,364.146813073363,D,Prata,206.897434985249,100,,1537
107,0.0620718497934251,143.718300559232,D,Prata,922.50628958559,-19,,1538
108,0.854875337781156,641.697929304656,D,Prata,974.616367700958,15,,1539
109,0.358379685196968,409.326245912309,D,Prata,379.306171660792,72,,1540
110,0.3755203691068,634.576581005099,D,Prata,693.654567510883,10,,1541
111,0.444331726988882,947.346982777683,D,Prata,888.9146238404,97,,1542
112,0.697418534135144,827.572785627809,D,Prata,51.3657928377234,16,,1543
113,0.139973645086318,899.484851438126,D,Prata,777.047284857078,-18,,1544
114,0.585956119388353,982.522996796048,D,Prata,80.057999934012,-29,,1545
115,0.249600678750854,784.271471435056,D,Prata,177.481339500251,62,,1546
116,0.209464590020709,886.394955856152,E,Prata,692.528463830327,-42,,1547
117,0.679963109769396,994.75091345587,A,Gold,929.055292998049,-49,,1548
118,0.00206836295470573,708.09125708891,E,Silver,895.077609538214,-91,Gamma,1549
119,0.586345422386955,187.36666373008,E,Silver,648.771700528732,68,Gamma,1550
120,0.748895596280163,282.145280179586,E,Silver,116.66521341472,64,Gamma,1551
121,0.537787293839576,419.687292914887,E,Silver,80.0258309961199,-41,Gamma,1552
122,0.408523094323199,708.539298465778,E,Silver,351.775835411932,48,Gamma,1553
123,0.576336545162389,570.557537606426,E,Silver,905.357449867198,-33,Gamma,1554
124,0.452879192733466,829.514550562792,E,Silver,978.774553626129,-54,Gamma,1555
125,0.556836559547149,774.455893278883,E,Silver,391.367592536052,-70,Gamma,1556
126,0.0600791218510468,369.260087956785,E,Silver,540.334794854098,-45,Gamma,1557
127,0.649066676414125,519.915076910265,E,Silver,772.685761619143,-98,Gamma,1558
128,0.0607873500609121,689.99593244355,E,Silver,865.28241504473,-78,Gamma,1559
129,0.587731939820445,203.67937544683,E,Silver,753.128456705666,-42,Gamma,1560
130,0.673536470354846,120.073057714495,E,Silver,606.27948114646,-41,Beta,1561
131,0.162460710566703,559.125440813673,E,Prata,197.293827226528,57,Beta,1562
132,0.870909256519302,656.788629400457,E,Prata,126.034199549994,28,Beta,1563
133,0.263289818917396,669.312983217547,E,Prata,458.8881845376,50,Beta,1564
134,0.227388663500203,965.333566488947,E,Prata,758.440004887835,-30,Beta,1565
135,0.481890702477821,559.145233961505,E,Prata,701.153937306417,-77,Beta,1566
136,0.507998544280153,878.065062126252,E,Prata,336.952647951056,12,Alpha,1567
137,0.579679376213853,231.297793911442,E,Prata,605.340682028445,2,,1568
138,0.247133812878875,8.97960825516361,E,Prata,974.57895527348,88,,1569
139,0.913228005770224,658.650545496647,E,Prata,341.702477332953,19,,1570
140,0.676696643398331,554.466509775426,E,Prata,492.02249135209,-49,,1571
141,0.0446236100745381,371.675641028041,E,Prata,665.446318007104,22,,1572
142,0.761397226091661,254.563073149955,E,Prata,327.694833510951,-99,,1573
143,0.139157678455758,891.52546789553,E,Prata,176.60530680268,76,,1574
144,0.36880062451703,723.663427975007,E,Prata,191.162427419871,-99,,1575
145,0.28222547152526,501.339419514346,E,Prata,387.107586749275,78,,1576
146,0.759446364053307,850.362503260523,E,Prata,716.971097566322,-3,,1577
147,0.996624843598953,523.33306655034,E,Prata,995.394638324197,-28,,1578
148,0.628175943444281,324.490916752343,E,Prata,598.799035103953,-67,,1579
149,0.0419439119047968,80.51865702489,E,Prata,9.81580392540683,-32,,1580
150,0.363146912069866,309.646690678694,E,Prata,498.370282718963,-13,,1581
151,0.745339237895722,35.3447970601053,E,Prata,306.256464956935,-45,,1582
152,0.49439089565115,974.45278184885,E,Prata,535.224774886834,21,,1583
153,0.57100448207485,291.781434658341,E,Prata,496.369173897306,-97,,1584
154,0.521949246030268,692.935684486223,E,Prata,606.236760929166,-78,,1585
155,0.952395316852962,266.324639137005,E,Prata,677.253612768314,-4,,1586
156,0.428848828141331,8.54416610399915,E,Prata,508.256816631932,-71,,1587
157,0.320951595832295,170.930069392858,E,Prata,505.242474235204,-54,,1588
158,0.299374742974072,791.941891971676,E,Prata,535.567639507955,-53,,1589
159,0.690111390949142,590.043787723922,E,Prata,70.3675207696039,-8,,1590
160,0.614221373014596,911.146684096916,E,Prata,868.264355293657,11,,1591
161,0.879563086848902,66.2816092927147,E,Prata,581.108027893473,-53,,1592
162,0.454214313441193,650.003944037188,E,Prata,245.991552873384,40,,1593
163,0.171307840535897,787.726551215233,E,Prata,935.786675154028,76,,1594
164,0.290743465323037,953.797656754754,E,Prata,541.174200216774,90,,1595
165,0.735469784838651,730.138736967861,E,Prata,239.957907796539,-87,,1596
166,0.173031833882982,106.348009103609,E,Prata,687.282378776679,-28,,1597
167,0.0430211826564058,958.080566392289,E,Prata,856.439251155727,-27,,1598
168,0.540650765283164,835.191478591063,E,Prata,914.680881090794,-60,,1599
169,0.331512631472378,565.740496840263,E,Prata,549.606854988668,-20,,1600
170,0.851534802161529,879.526805953568,E,Prata,526.948969318635,-38,,1601
171,0.0672966121335084,919.472630581938,E,Prata,259.687690503226,24,,1602
172,0.497753139002356,426.856434294713,E,Prata,292.376523699158,67,,1603
173,0.706117096623673,618.514804147983,E,Prata,419.828138277362,-62,,1604
174,0.13198742718065,310.146953257083,E,Prata,502.080504046828,-47,,1605
175,0.607865459002262,432.312842747185,E,Gold,401.811037059997,50,,1606
176,0.77320205527166,483.875236475028,E,Silver,391.527000488119,-93,,1607
177,0.387757210083534,540.187330377605,E,Silver,691.95083410807,-62,,1608
178,0.593080435616742,375.493974898559,E,Silver,85.8689276364194,2,,1609
179,0.320877076330065,57.3498074270341,E,Silver,902.841473995235,-95,,1610
180,0.915044371466188,413.721888249086,E,Silver,430.720234231443,-61,,1611
181,0.530201944939057,45.3769103882741,E,Silver,101.976540355363,-34,,1612
182,0.447801087662949,862.111430032891,E,Silver,30.6893733757891,-75,,1613
183,0.0836518247226094,388.971367796309,E,Silver,941.057671572026,-96,,1614
184,0.647035499665115,141.673069633812,E,Silver,895.85627642666,-63,,1615
185,0.780500948053626,266.551287588418,E,Silver,85.3310540865196,-75,,1616
186,0.621010704261922,303.882241226884,E,Silver,603.809592256474,70,,1617
187,0.702135182058548,978.410468631299,E,Silver,944.083647578852,-12,,1618
188,0.306889882837818,726.252309001503,E,Silver,697.220036071751,-5,,1619
189,0.0927089622255622,568.189514268682,E,Prata,216.809767531877,-87,,1620
190,0.875920786410039,541.938568087671,E,Prata,954.764614960354,71,,1621
191,0.396103089426938,943.444491813928,E,Prata,836.720121163496,-85,,1622
192,0.735457117381478,69.0201776049223,E,Prata,877.888471513813,-9,,1623
193,0.210339440968408,752.42221723826,E,Prata,988.345524681761,37,,1624
194,0.991119017494141,676.296298414056,E,Prata,621.901059694236,89,,1625
195,0.961551413917333,614.636610061332,E,Prata,730.28607061574,46,,1626
196,0.274608272381129,336.916737025354,E,Prata,689.392711439669,-41,,1627
197,0.223137264705114,735.202044813509,E,Prata,878.027933921213,50,,1628
198,0.219886833741654,296.337632585993,E,Prata,113.432779547802,57,,1629
199,0.491235128727768,588.777262300068,E,Prata,931.53528408848,100,,1630
200,0.678408907266939,581.694480909493,E,Prata,840.659327125918,-4,,1631
201,0.472610401284789,588.309162250303,E,Prata,146.349558926774,23,,1632
202,0.598141092175342,456.592999375043,E,Prata,173.688020874779,-35,,1633
203,0.560018397118732,48.6343427914874,E,Prata,379.420830782385,-89,,1634
204,0.353161238328031,800.469914961617,E,Prata,905.991175638303,87,,1635
205,0.459623886714444,825.555293898408,E,Prata,313.31156113231,-88,,1636
206,0.65303981616021,688.592155239764,E,Prata,841.041859596848,95,,1637
207,0.291068271403651,119.442340085963,E,Prata,29.7645390733108,-8,,1638
208,0.959449391641548,950.614900368764,E,Prata,903.641613561209,-50,,1639
209,0.97125255365377,327.542736457557,E,Prata,990.417537024157,80,,1640
210,0.0888599901773681,443.35871836934,E,Prata,289.62193440846,-41,,1641
211,0.44747499065683,958.599125294679,E,Prata,880.83507300265,-17,,1642
212,0.177589446385398,239.120682791659,E,Prata,147.71772797765,92,,1643
213,0.0748186228840464,329.587997246578,E,Prata,155.735933160498,43,,1644
214,0.0545973646302357,480.468693814531,E,Prata,23.6188444688185,21,,1645
215,0.28509520225251,834.882591040317,E,Prata,578.631382480963,-39,,1646
216,0.951142916057911,633.670126144204,E,Prata,336.973862137119,59,,1647
217,0.164166628258,251.044005557546,E,Prata,223.488798253846,45,,1648
218,0.403606284864298,294.35710465944,E,Prata,948.624236016314,11,,1649
219,0.39076414940579,653.960690342547,E,Prata,619.046031992536,-5,,1650
220,0.59867288106602,525.807320191515,E,Prata,225.944026016994,49,,1651
221,0.771581165092028,972.025609660726,E,Prata,924.875333749908,17,,1652
222,0.861806704268938,487.804452839281,E,Prata,360.80261643056,-20,,1653
223,0.444946814864037,54.0816386046701,E,Prata,367.340976524367,-59,,1654
224,0.857600484392865,344.348140534649,E,Prata,689.316615986471,-77,,1655
225,0.0486620826777849,924.904862571362,E,Prata,905.289235592403,-9,,1656
226,0.720208401700226,151.092607903946,E,Prata,707.882606801982,-90,,1657
227,0.693956023219013,913.474555420702,E,Prata,610.323681214616,-47,,1658
228,0.27746818721112,241.401872880867,E,Prata,826.664902688801,-69,,1659
229,0.409898071439369,618.512129630228,E,Prata,565.954080156754,-86,,1660
230,0.0835640716323535,980.615766745609,E,Prata,812.706552639873,6,,1661
231,0.862087334270073,621.217489091665,E,Prata,57.8117397751843,27,,1662
232,0.235578100537481,134.217197576491,E,Prata,592.751684685185,46,,1663
233,0.456383211548924,569.476843259909,E,Gold,416.3614185366,-42,,1664
234,0.690948841774309,513.646905733462,E,Silver,145.880216735836,40,,1665
235,0.666090182973408,510.263130294788,E,Silver,652.805177836689,-77,Gamma,1666
236,0.410461468275569,368.584240875531,E,Silver,339.487880780714,-42,Gamma,1667
237,0.203443122196707,766.265985516543,E,Silver,546.565857310738,20,Gamma,1668
238,0.0871067602340553,464.553921496164,E,Silver,110.515762057914,38,Gamma,1669
239,0.0771149766693557,642.424550901312,E,Silver,892.735930393822,88,Gamma,1670
240,0.322463222153861,802.116036844217,E,Silver,874.115772598787,5,Gamma,1671
241,0.931875869795482,235.932857525925,E,Silver,812.353670251926,-44,Gamma,1672
242,0.981251677187033,649.611775522072,E,Silver,591.040647768439,-56,Gamma,1673
243,0.457606087812756,371.378782358404,E,Silver,477.076277887957,5,Gamma,1674
244,0.657327487563892,468.456794026735,E,Silver,107.610410906007,22,Gamma,1675
245,0.428350240296242,574.853382586161,E,Silver,654.598395077073,-65,Gamma,1676
246,0.592165598261017,555.64211195411,E,Silver,577.24980348813,65,Gamma,1677
247,0.866608502695087,490.669876564965,E,Prata,85.1657898412411,-64,Beta,1678
248,0.308191880004191,565.926669623057,E,Prata,118.268615027195,71,Beta,1679
249,0.381762951257814,553.926265143565,E,Prata,189.170581031724,55,Beta,1680
250,0.797932548824443,22.3069529881791,E,Prata,398.280269471664,26,Beta,1681
251,0.478603899306457,669.062305234939,E,Prata,893.194768010932,55,Beta,1682
252,0.637129693175236,961.398981185484,E,Prata,90.3717450560832,28,Beta,1683
253,0.437242722032366,779.792058669127,E,Prata,273.708548211192,8,Alpha,1684
254,0.236988509459953,614.320951904621,E,Prata,906.276052657401,-22,,1685
255,0.569833464310616,8.7739227328964,E,Prata,229.904467396268,26,,1686
256,0.826987761114054,411.439756792646,E,Prata,818.108468551209,-38,,1687
257,0.935542554227259,915.403268396189,E,Prata,658.056728548724,-15,,1688
258,0.924642384236543,969.749823751825,E,Prata,715.456819857335,51,,1689
259,0.431252810650604,22.1539939075415,E,Prata,903.641308137877,65,,1690
260,0.427433590714709,951.678470590092,E,Prata,839.629292176983,-99,,1691
261,0.765579274797841,389.188354797157,E,Prata,4.44465874067032,-25,,1692
262,0.96589481160338,496.467747640917,E,Prata,522.136821114578,9,,1693
263,0.537595449515101,499.844588384798,E,Prata,719.12563006293,-72,,1694
264,0.259181097971888,887.200883163119,E,Prata,309.107425373788,-20,,1695
265,0.671502418669902,155.260587965475,E,Prata,687.70222596457,19,,1696
266,0.31824254133919,35.8449258059357,E,Prata,56.2280597459632,28,,1697
267,0.588845253159757,226.434877247614,E,Prata,457.0358309986,-35,,1698
268,0.227662431434214,565.950933840882,E,Prata,431.244117873417,-43,,1699
269,0.450145051611588,558.217079116008,E,Prata,575.692795326158,42,,1700
270,0.193968370258705,182.86242471549,E,Prata,744.982282600544,-51,,1701
271,0.148069713654554,845.792277200694,E,Prata,521.61102000748,81,,1702
272,0.254616810366092,125.883072289745,E,Prata,432.298585071594,-67,,1703
273,0.131640126422185,44.0522452942935,E,Prata,815.721439853646,-97,,1704
274,0.425833425527268,527.111890591229,E,Prata,277.181776876899,33,,1705
275,0.793821196766486,233.434382010096,E,Prata,451.15433957285,46,,1706
276,0.872474610419751,4.24751269035683,E,Prata,353.160091304986,-66,,1707
277,0.741451894856601,122.875890535473,E,Prata,69.4766588960095,-58,,1708
278,0.647543037006564,443.550612393673,E,Prata,365.840212759929,91,,1709
279,0.762310478643748,453.318663801892,E,Prata,460.050778111183,74,,1710
280,0.617533125339813,10.4252225313563,E,Prata,81.8139595725237,-22,,1711
281,0.180977644857668,130.131543056409,E,Prata,781.578778671683,-100,,1712
282,0.575154282465208,147.290354770875,E,Prata,38.0316399665545,29,,1713
283,0.535149214432322,730.272432349219,E,Prata,9.83322241451149,57,,1714
284,0.246525264238836,454.163327619835,E,Prata,328.127039702628,-75,,1715
285,0.433078437724521,174.526643124151,E,Prata,114.430924988661,-57,,1716
286,0.855607583846773,836.413875472863,E,Prata,152.12383119264,-57,,1717
287,0.516707914806344,394.777692118013,E,Prata,700.597298477629,55,,1718
288,0.872017787948366,39.5262872690678,E,Prata,595.822545021697,-43,,1719
289,0.25854292688195,709.2915233358,E,Prata,742.082675689796,10,,1720
290,0.996797937664856,761.412624312776,E,Prata,835.916630339405,-41,,1721
291,0.550866163269906,871.214987160837,E,Gold,589.972893082512,40,,1722
292,0.853135665352116,538.017957642149,E,Silver,91.7825167799318,-17,,1723
293,0.169345952694488,200.761674527072,E,Silver,153.895987761611,84,,1724
294,0.759856052938447,475.522917630594,E,Silver,419.789593444741,-21,,1725
295,0.359835684618249,183.673325870592,E,Silver,416.78152854065,16,,1726
296,0.0136947868069365,529.058134250285,E,Silver,889.451988903329,74,,1727
297,0.3912149008084,391.385689813653,E,Silver,705.450008896382,-36,,1728
298,0.176799004134667,303.889483391519,E,Silver,812.118586513232,-52,,1729
299,0.784666370029698,787.715825788012,E,Silver,184.779466560209,50,,1730
300,0.900592376448903,134.6228225454,E,Silver,825.05198705222,68,,1731
301,0.0799057930265907,461.656515726297,E,Silver,358.538849953731,2,,1732
302,0.238692924280514,732.122008347276,E,Silver,59.5159309988282,34,,1733
303,0.382532099512148,251.843415699598,E,Silver,230.514356631132,62,,1734
304,0.00345004753268534,997.401704410512,E,Silver,950.725647553676,-40,,1735
305,0.627827651284963,999.596665685014,E,Prata,82.5769216861078,-83,,1736
306,0.204239458096586,662.882325843964,E,Prata,92.5817833660904,26,,1737
307,0.300176238308765,871.273057966374,E,Prata,170.374474160742,-37,,1738
308,0.367869327430833,7.33558256056459,E,Prata,705.842875409549,67,,1739
309,0.334287571581268,654.236721403716,E,Prata,688.774722698,43,,1740
310,0.696687174717071,728.480564414731,E,Prata,966.756269609433,32,,1741
311,0.503447634725155,447.105347103029,E,Prata,73.8427324803589,-39,,1742
312,0.837675924123289,166.648660068302,E,Prata,296.848399618092,-73,,1743
313,0.535867950419517,419.480375257741,E,Prata,151.973799855155,28,,1744
314,0.932175200669521,651.434399284348,E,Prata,150.970682833692,55,,1745
315,0.80587005575044,881.142497708067,E,Prata,100.942410863069,83,,1746
316,0.17124142614383,69.3478235758827,E,Prata,233.422485179784,-5,,1747
317,0.323507126510763,730.242655456627,E,Prata,206.318887277285,-50,,1748
318,0.424177097807464,481.851460249151,E,Prata,242.800585019314,23,,1749
319,0.478162349773597,454.481212805989,E,Prata,16.9682413174856,-80,,1750
320,0.616599483828543,686.53670992763,E,Prata,850.205692291811,-37,,1751
321,0.944125623434787,51.3757747101228,E,Prata,141.940946818307,-8,,1752
322,0.206304000455844,513.544084544423,E,Prata,886.483044441747,-79,,1753
323,0.725108834180442,260.383907145286,E,Prata,851.398389536512,-46,,1754
324,0.714290864230793,586.532469164078,E,Prata,645.33638669531,-68,,1755
325,0.56661287158982,539.734651652188,E,Prata,296.361082490244,77,,1756
326,0.787628064464923,294.806298924419,E,Prata,213.096837032718,-59,,1757
327,0.55218433301997,592.856062815318,E,Prata,191.065722556131,-76,,1758
328,0.104897582520698,743.552964191634,E,Prata,322.510364916805,-57,,1759
329,0.84847787039327,231.732601217334,E,Prata,580.711910360958,-72,,1760
330,0.837151205803801,712.323163259157,E,Prata,980.587917003282,11,,1761
331,0.535177309038907,367.953646260495,E,Prata,271.664884640228,-92,,1762
332,0.555657376993951,646.525780870768,E,Prata,526.560815296993,37,,1763
333,0.876029216174252,627.103682483773,E,Prata,704.004086700314,68,,1764
334,0.462397578790939,697.747874939111,E,Prata,267.850564522143,83,,1765
335,0.0489638797657038,806.68375660111,E,Prata,719.319030651796,44,,1766
336,0.0309750199699602,28.1981263719808,E,Prata,372.339351668664,-18,,1767
337,0.868922696030947,214.576065599783,E,Prata,456.61699093009,-63,,1768
338,0.345702548511546,482.236971791707,E,Prata,902.991038564361,31,,1769
339,0.545893498886403,131.757116361059,E,Prata,399.620315119408,48,,1770
340,0.345956736410544,593.594488004035,E,Prata,298.208229483604,-85,,1771
341,0.855448447629924,890.939964989938,E,Prata,837.262120210007,17,,1772
342,0.528057943970774,213.622024203855,E,Prata,737.975278306795,54,,1773
343,0.736914958949772,174.699130647302,E,Prata,668.20458254387,72,,1774
344,0.514900824652886,435.566821467388,E,Prata,536.949518438633,-72,,1775
345,0.989769530193219,848.142193294199,E,Prata,153.441689750665,-75,,1776
346,0.20548966925123,573.269337581113,E,Prata,404.027733434013,32,,1777
347,0.143454815725856,851.893604461155,E,Prata,673.92432509669,-56,,1778
348,0.771409768968219,260.926957164918,E,Prata,536.815368748046,11,,1779
349,0.401791723698728,368.289351282076,E,Gold,177.230081222379,77,,1780
350,0.700398408617772,103.956883515359,E,Silver,152.624132494647,22,,1781
351,0.911755292932351,732.365190358374,E,Silver,686.849923771758,-76,,1782
352,0.879523208204736,310.785309413448,E,Silver,159.352511843237,3,Gamma,1783
353,0.770516726147447,405.897567343595,E,Silver,443.853745840289,52,Gamma,1784
354,0.613174675657268,844.172798251474,E,Silver,973.394746015574,15,Gamma,1785
355,0.647326857420735,96.5854909077697,E,Silver,411.733720157959,96,Gamma,1786
356,0.596949238259638,340.910032724493,E,Silver,767.864024910492,-70,Gamma,1787
357,0.631756375847841,960.440610896843,E,Silver,837.805640959594,-27,Gamma,1788
358,0.572904711920499,397.65556982949,E,Silver,392.872113633904,-89,Gamma,1789
359,0.272379704096921,388.965041606524,E,Silver,310.635144888904,69,Gamma,1790
360,0.670755667209642,724.693975418286,E,Silver,458.8293160734,41,Gamma,1791
361,0.724616057003264,517.055823751092,E,Silver,674.725933436245,33,Gamma,1792
362,0.780624622088198,878.797494329408,E,Silver,414.99400747862,-39,Gamma,1793
363,0.274783423492403,231.218984186091,E,Prata,294.664661842649,-4,Gamma,1794
364,0.0794536078239142,499.115883307723,E,Prata,692.451946854345,83,Beta,1795
365,0.0916409138493333,55.708252485995,E,Prata,645.441720110768,74,Beta,1796
366,0.00724199658194947,484.152918236587,E,Prata,573.999908685655,78,Beta,1797
367,0.974123962430997,942.40868755474,E,Prata,196.390954952269,57,Beta,1798
368,0.154303628511627,776.115530755998,E,Prata,996.557952125095,-6,Beta,1799
369,0.969066426752379,421.274981550157,E,Prata,23.264467978903,63,Beta,1800
370,0.478181086266783,975.027161821055,E,Prata,634.421274234884,1,Alpha,1801
371,0.138114476668513,606.240122452817,E,Prata,873.571501703763,88,,1802
372,0.862512220805558,907.884446339647,E,Prata,815.195730648399,-78,,1803
373,0.639797437308482,343.299823732111,E,Prata,615.988481217489,-93,,1804
374,0.338080878835765,430.672101402648,E,Prata,180.80167394169,-49,,1805
375,0.068653598338378,825.839507219985,E,Prata,534.337769679477,52,,1806
376,0.25193996073476,173.610839504629,E,Prata,586.668784263505,-56,,1807
377,0.997057464848594,244.49801033926,E,Prata,848.011121472327,-55,,1808
378,0.0567124980201234,280.405946484273,E,Prata,407.168502305096,-2,,1809
379,0.940653660700149,117.693158284437,E,Prata,851.885932392179,-7,,1810
380,0.231944666693601,805.968640365823,E,Prata,871.505400614907,-85,,1811
381,0.186097753714774,376.213839364335,E,Prata,940.161970269036,61,,1812
382,0.246621371545731,426.551915051324,E,Prata,670.445684266384,-83,,1813
383,0.279930827710762,350.977349315831,E,Prata,683.247613711635,86,,1432
384,0.464321575762362,77.0946602860201,E,Prata,286.173504221315,59,,1433
385,0.396256909542998,805.485710831024,E,Prata,236.394884770298,87,,1434
386,0.666397310275732,552.959333162822,E,Prata,52.3255868886844,84,,1435
387,0.719786218875393,725.086015179531,E,Prata,651.962637534959,-1,,1436
388,0.52376218469548,218.351854765283,E,Prata,17.4604949249119,56,,1437
389,0.475946892235903,671.63042889793,E,Prata,902.823209930245,57,,1438
390,0.608796049992824,308.618733144179,E,Prata,381.420536323853,89,,1439
391,0.643731579482239,320.298759596718,E,Prata,865.259157297365,31,,1440
392,0.657363486953058,834.395379175112,E,Prata,301.21664249606,25,,1441
393,0.641179321601689,310.014743420996,E,Prata,915.552330060724,-50,,1442
394,0.721256202003924,780.257794817006,E,Prata,832.693035025634,32,,1443
395,0.0458305855824004,845.535327540077,E,Prata,339.587224893454,-89,,1444
396,0.612448918599272,13.9900046241146,E,Prata,852.584956064442,1,,1445
397,0.174576400502496,954.303201305357,E,Prata,729.221954690263,74,,1446
398,0.749883831223225,983.938943976431,E,Prata,302.122413490764,67,,1447
399,0.857404379590616,124.064931318169,E,Prata,172.781828315652,54,,1448
400,0.340914189735767,339.626179883465,E,Prata,652.235197520119,-92,,1449
401,0.50364269016846,324.283740861227,E,Prata,773.11927659067,28,,1450
402,0.0838357007672997,540.571519338828,E,Prata,478.369937498456,-73,,1451
403,0.168299987893839,217.245926727916,E,Prata,986.150539015666,-47,,1452
404,0.621473885376543,566.002900367233,E,Prata,462.070137485939,-50,,1453
405,0.380948491902587,867.245275055067,E,Prata,223.808258481835,-9,,1454
406,0.603407445083573,660.282272168566,E,Prata,626.123821393325,-17,,1455
407,0.442624804001768,73.2997810753126,E,Gold,753.850121910623,13,,1456
408,0.506908554254411,368.381427203856,E,Silver,203.929400228564,96,,1457
409,0.192165926508857,493.779745464368,E,Silver,192.491479537229,69,,1458
410,0.0387623233737472,192.69335596693,E,Silver,960.863878095855,-49,,1459
411,0.632806393265887,522.806836680947,E,Silver,478.072229699707,-88,,1460
412,0.715702970960241,779.802704342277,E,Silver,789.292038428189,-77,,1461
413,0.368423296281156,138.934637404387,E,Silver,700.213914742476,-20,,1462
414,0.704702058076733,347.754905737382,E,Silver,736.28837609881,-42,,1463
415,0.382200491910163,854.375331875406,E,Silver,694.310820835931,-49,,1464
416,0.611142145223798,533.121033474087,E,Silver,634.428021695713,61,,1465
417,0.889749364253376,180.95094975663,E,Silver,896.866171786217,4,,1466
418,0.886996188192131,68.5941585087814,E,Silver,669.960576206565,90,,1467
419,0.820364830213752,559.068676135696,E,Silver,294.310018597467,-49,,1468
420,0.496977867339657,750.330639891306,E,Silver,17.0780144234446,-94,,1469
421,0.26246104772828,496.668099289421,E,Prata,783.761363042054,9,,1470
422,0.910672060699212,411.929970857691,E,Prata,42.2660437949504,-19,,1471
423,0.837414126101299,709.111461666638,E,Prata,762.986156515222,-26,,1472
424,0.587405982684047,673.458230694171,E,Prata,753.948706257447,-45,,1473
425,0.428613181715553,127.255254663184,E,Prata,277.346112841094,-27,,1474
426,0.913976992778069,117.405292529143,E,Prata,740.338074581475,-43,,1475
427,0.0528125101290676,168.196581923169,E,Prata,366.366725612788,9,,1476
428,0.685515309304917,211.37536545412,E,Prata,346.643008800403,80,,1477
429,0.909403866469641,147.094453859066,E,Prata,316.835286764461,86,,1478
430,0.0447408028699848,949.677852537011,E,Prata,923.837452383021,-50,,1479
431,0.665871842422948,69.2767566886838,E,Prata,822.220047981042,-48,,1480
432,0.046874992100116,612.14640661802,E,Prata,307.269778685691,-23,,1481
433,0.681976583477214,56.6795354650823,E,Prata,538.34287136251,-45,,1482
434,0.875313642168444,635.876168378225,E,Prata,175.280712095551,80,,1483
435,0.141024016872846,913.1312822858,E,Prata,782.740068097852,40,,1484
436,0.372367701112933,492.549725497546,E,Prata,287.275972812517,-85,,1485
437,0.908355418715937,107.421533974722,E,Prata,193.937314159281,80,,1486
438,0.756197304484926,563.490632846741,E,Prata,720.629970998271,-11,,1487
439,0.641672978673951,973.39996540622,E,Prata,58.4921836192073,98,,1488
440,0.522313956383055,379.28335003472,E,Prata,556.811907770502,78,,1489
441,0.569984955057389,872.759555452637,E,Prata,306.213417481276,84,,1490
442,0.264865358778845,247.673426774519,E,Prata,685.552524991261,72,,1491
443,0.675999986130443,172.919497372491,E,Prata,720.673871197418,-96,,1492
444,0.916403670035186,342.962474900767,E,Prata,648.335215738289,-80,,1493
445,0.147250895181065,319.525936011204,E,Prata,550.249587665919,24,,1494
446,0.737192229904218,658.860566984439,E,Prata,954.438237757894,-45,,1495
447,0.747660253498363,401.249760955035,E,Prata,867.365151380037,-19,,1496
448,0.499801608527377,27.3947961860646,E,Prata,144.704472437054,33,,1497
449,0.443296846566983,455.714154170497,E,Prata,572.752954116943,10,,1498
450,0.737190174451582,466.682838926244,E,Prata,395.71696388801,73,,1499
451,0.562885220449031,712.309203579989,E,Prata,764.992647577846,96,,1500
452,0.268656293632198,418.702965298171,E,Prata,3.09371673876982,-80,,1501
453,0.823420594689256,498.023593646367,E,Prata,711.893252970174,76,,1502
454,0.134858383358457,964.143215833145,E,Prata,516.754481223105,-31,,1503
455,0.0518212523839078,322.686000409397,E,Prata,193.800391508797,99,,1504
456,0.55524680403892,98.7815394512076,E,Prata,456.795275382746,-28,,1505
457,0.53844868171789,754.216244241389,E,Prata,119.387929509072,31,,1506
458,0.0556045774175638,966.947653084656,E,Prata,949.269084961625,-92,,1507
459,0.638983091492084,483.921245349653,E,Prata,585.775483411785,92,,1508
460,0.64526429408562,634.476402107501,E,Prata,590.958475342567,-32,,1509
461,0.0809418641995836,697.196608746214,E,Prata,717.740421245066,3,,1510
462,0.341915442969068,966.64588851757,E,Prata,69.6408975823247,-92,,1511
463,0.177055486381229,107.786425003616,E,Prata,594.18418037077,3,,1512
464,0.593407132383505,660.928627258966,E,Prata,868.882857611582,83,,1513
465,0.406629282459083,575.1710677247,E,Gold,214.505354699885,-32,,1514
466,0.535097571019316,556.95415071586,E,Silver,226.747240685592,-18,,1515
467,0.464854820326725,893.913128445249,E,Silver,570.716834196004,-78,,1516
468,0.83513375580007,334.548794744437,E,Silver,900.486069602105,-19,,1517
469,0.102832180764937,935.036145231702,E,Silver,562.393576835662,36,Gamma,1518
470,0.815845743494897,446.227055298399,E,Silver,453.143647735276,50,Gamma,1519
471,0.146866034721452,510.058012500584,E,Silver,277.546851435826,-18,Gamma,1520
472,0.118619665907513,165.09307894838,E,Silver,391.889327983125,-4,Gamma,1521
473,0.394297879749593,856.045475047656,E,Silver,537.958774657942,-77,Gamma,1522
474,0.945022116544183,453.380519938858,E,Silver,755.887940653023,-34,Gamma,1523
475,0.791799569401818,860.876066950027,E,Silver,342.256571364046,47,Gamma,1524
476,0.318082716548231,336.526365548832,E,Silver,716.514301161648,89,Gamma,1525
477,0.928182156289284,584.301153637034,E,Silver,962.944217756638,6,Gamma,1526
478,0.925227360968913,64.9645824977159,E,Silver,384.752866521928,-14,Gamma,1527
479,0.249417868627322,634.43317255526,E,Prata,478.166864005988,-16,Gamma,1528
480,0.992715005606791,401.959129447727,E,Prata,936.147271819547,-72,Gamma,1529
481,0.815716374242621,86.7272309315489,E,Prata,383.702822023272,-96,Beta,1530
482,0.0502575717798154,886.162832099465,E,Prata,396.038124882612,-87,Beta,1531
483,0.618723495118098,714.026388787964,E,Prata,867.309816168835,86,Beta,1532
484,0.595301478864313,811.027676574096,E,Prata,34.5747895928128,-27,Beta,1533
485,0.780544470800208,474.045694264219,E,Prata,473.990018858495,70,Beta,1534
486,0.463431347262636,994.550946738735,E,Prata,531.411679241137,57,Beta,1535
487,0.610613798021754,153.553975883459,E,Prata,869.556304409578,19,Alpha,1536
488,0.468438377334094,611.173391942661,E,Prata,73.1965920575193,-61,,1537
489,0.151307973781364,967.944241172974,E,Prata,336.196099375836,0,,1538
490,0.89284509524042,825.620654421766,E,Prata,366.037007123635,42,,1539
491,0.458135183997621,415.443417095049,E,Prata,855.943519034719,15,,1540
492,0.517177428050974,416.386518389831,E,Prata,605.490205256029,62,,1541
493,0.17801248594841,243.119830923728,E,Prata,629.579999627675,88,,1542
494,0.259100870178417,713.151882657857,E,Prata,465.679941018582,-39,,1543
495,0.0163662205239617,885.008693131559,E,Prata,811.892232090771,-26,,1544
496,0.0463779945608038,412.290330712083,E,Prata,767.600797304844,76,,1545
497,0.527974555364904,646.263919191255,E,Prata,380.296392259956,-68,,1546
498,0.898437415867941,898.746478912345,E,Prata,229.647369482331,37,,1547
499,0.56731375146851,136.5308999264,E,Prata,572.338172358808,94,,1548
500,0.374964271559095,218.307036914401,E,Prata,566.06248523701,-32,,1549
501,0.406086732289466,476.354573282962,E,Prata,198.105224024539,18,,1550
502,0.246892839764834,930.507854746898,E,Prata,896.245530501855,-96,,1551
503,0.685799166617118,776.396953060851,E,Prata,834.117079216641,56,,1552
504,0.970775462955248,63.7691951975995,E,Prata,518.839358807561,-55,,1553
505,0.457689164138586,550.630794163281,E,Prata,183.962731714109,-28,,1554
506,0.137205769148883,178.26249762815,E,Prata,227.638702302195,-25,,1555
507,0.56933564118919,631.747100342009,E,Prata,766.803399816707,47,,1556
508,0.851865354327402,803.957137904641,E,Prata,18.1604561047018,25,,1557
509,0.331008655125434,347.010785521477,E,Prata,146.230897971487,18,,1558
510,0.810833903728217,80.7227001050976,E,Prata,64.4536591939295,-5,,1559
511,0.495459628765127,913.665097397199,E,Prata,401.52302695021,51,,1560
512,0.728073523218908,435.731317534193,E,Prata,406.492657920799,-61,,1561
513,0.435534906781754,843.627348398673,E,Prata,578.1136188875,-37,,1562
514,0.64678133547338,410.272204448379,E,Prata,113.022640065869,-45,,1563
515,0.516056870021237,494.344193656021,E,Prata,40.417438728445,7,,1564
516,0.85322023998602,974.252728054014,E,Prata,895.427695988925,-91,,1565
517,0.687451757477503,589.24235457602,E,Prata,149.609314565231,17,,1566
518,0.950344597970849,664.345937509557,E,Prata,175.425070991212,74,,1567
519,0.00824953139583337,806.210046977175,E,Prata,240.009871935322,94,,1568
520,0.43501432379862,339.185699536261,E,Prata,119.570300183881,-25,,1569
521,0.830143838079701,465.994963095947,E,Prata,719.348137659294,-75,,1570
522,0.453114929697431,119.560918697175,E,Prata,320.107359444595,69,,1571
523,0.502050715689271,505.282560520061,E,Gold,266.781325573874,22,,1572
524,0.519421519001981,844.050200072172,E,Silver,987.617362041449,61,,1573
525,0.0202238620873476,711.49897004358,E,Silver,827.110509689461,63,,1574
526,0.547245690753435,307.050685470912,E,Silver,947.867879230581,56,,1575
527,0.257766205264939,564.003261626825,E,Silver,443.127237853833,81,,1576
528,0.863243613956123,7.32978097814731,E,Silver,381.56299143346,-2,,1577
529,0.180100280158281,657.973507236962,E,Silver,137.062931544905,-45,,1578
530,0.328594544617929,678.455413885426,E,Silver,994.407979712012,-36,,1579
531,0.29862013069444,802.940879023225,E,Silver,892.104689082475,-77,,1580
532,0.856070741976614,923.250933504073,E,Silver,802.890716513234,76,,1581
533,0.0778505619449101,816.943377894402,E,Silver,734.029142826779,-77,,1582
534,0.163277082970668,98.0605228369033,E,Silver,399.117811615818,-71,,1583
535,0.622541506952873,612.161416133625,E,Silver,679.821015910628,-1,,1584
536,0.750009335485213,890.575976064066,E,Silver,470.939067376038,-49,,1585
537,0.98901045425599,53.3333128839141,E,Prata,252.900452815441,-33,,1586
538,0.195105226114834,610.612878847964,E,Prata,19.54852194176,-32,,1587
539,0.446461581266591,79.2624671563065,E,Prata,642.69869003875,-50,,1588
540,0.953180143642948,793.071440759166,E,Prata,626.412141290587,-66,,1589
541,0.547162956539052,794.267774588286,E,Prata,313.548657132701,-91,,1590
542,0.0134747902974682,978.25397689699,E,Prata,757.567027047499,-58,,1591
543,0.367445020359972,737.120207640202,E,Prata,910.311044709007,-89,,1592
544,0.162326965272011,39.9713275520349,E,Prata,384.448288152468,-72,,1593
545,0.833263106490121,92.9779837914865,E,Prata,174.614500886007,95,,1594
546,0.61714456107034,921.474389578408,E,Prata,840.919304200837,15,,1595
547,0.306289497969177,161.90570023054,E,Prata,378.790481401281,18,,1596
548,0.691070275887633,935.909730717525,E,Prata,424.949989733159,-94,,1597
549,0.960666765263656,936.947568477497,E,Prata,356.891213226687,-66,,1598
550,0.15628813456525,527.901997460757,E,Prata,506.352730945852,-36,,1599
551,0.0999998853859067,715.197184090418,E,Prata,916.253666510468,-18,,1600
552,0.0770222122895994,419.767604405117,E,Prata,160.42160441385,-86,,1601
553,0.546691506780895,847.877349026557,E,Prata,509.911082477676,-27,,1602
554,0.902952922138272,429.860824365146,E,Prata,733.500642286137,57,,1603
555,0.11602600916893,173.129572535624,E,Prata,501.47068391654,-94,,1604
556,0.0495766445220465,129.596940304792,E,Prata,334.019040628812,-66,,1605
557,0.231338029915271,272.726565301144,E,Prata,784.808888834343,18,,1606
558,0.746544831687078,355.628075443035,E,Prata,154.918905834771,-90,,1607
559,0.666493700750064,911.636110185476,E,Prata,551.602874110192,27,,1608
560,0.13845063008364,741.382073409349,E,Prata,776.66770778462,52,,1609
561,0.729034030554971,877.434237302675,E,Prata,430.631796654357,45,,1610
562,0.336233648431826,570.302351685008,E,Prata,490.639783827234,-84,,1611
563,0.397218068847682,502.255550349833,E,Prata,47.7645635446963,77,,1612
564,0.851485688048105,25.7223888007291,E,Prata,582.621108703399,41,,1613
565,0.667213518906792,98.3090474017096,E,Prata,508.889744611743,27,,1614
566,0.513619155408535,342.305466877444,E,Prata,376.541965383035,99,,1615
567,0.308111155117257,46.6888606215135,E,Prata,437.189787652836,-84,,1616
568,0.0191328809786674,548.574844938274,E,Prata,870.339503078718,-31,,1617
569,0.951527454670212,436.732672811275,E,Prata,957.558023843049,87,,1618
570,0.149426845887931,723.818707751114,E,Prata,839.592289169297,92,,1619
571,0.0795093239771017,153.829490426085,E,Prata,482.756062634999,-15,,1620
572,0.649190394374896,693.369609701875,E,Prata,913.231881833999,92,,1621
573,0.65998015420161,246.782795666171,E,Prata,311.815769215799,29,,1622
574,0.0076808945574197,471.340610663536,E,Prata,770.291792480552,99,,1623
575,0.113903851741213,869.200576890145,E,Prata,761.020417035288,-69,,1624
576,0.381365859977345,937.637439782832,E,Prata,469.584123970478,47,,1625
577,0.435774034175773,565.746203456301,E,Prata,456.978598732023,-84,,1626
578,0.775308728519065,565.92079771686,E,Prata,550.7096928541,52,,1627
579,0.41660448511983,528.29598138818,E,Prata,291.04450688059,-61,,1628
580,0.00837801861466805,426.395409763088,E,Prata,324.945140896636,-59,,1629
581,0.0736383472177492,736.913204108828,E,Gold,217.013292913483,-30,,1630
582,0.315348075319954,382.298309253643,E,Silver,173.886800338076,-63,,1631
583,0.392285310805547,293.139120624872,E,Silver,510.996420267757,-64,,1632
584,0.0783652876733459,361.849938846531,E,Silver,273.298249856307,-61,,1633
585,0.847150805820685,802.520847898226,E,Silver,338.103264773475,50,,1634
586,0.943664517847598,956.196437906386,E,Silver,187.700368632299,-36,Gamma,1635
587,0.0647718869907401,997.990393676455,E,Silver,715.450788468871,90,Gamma,1636
588,0.425489488205646,244.060938836881,E,Silver,422.969045543271,100,Gamma,1432
589,0.971303097611487,56.2196818341913,E,Silver,168.735394154991,-65,Gamma,1433
590,0.722148605223733,617.616325886864,E,Silver,469.058754939637,-40,Gamma,1434
591,0.428338896466905,998.200243800642,E,Silver,93.5417057456782,16,Gamma,1435
592,0.129874493923169,754.501509721641,E,Silver,112.541158432847,-30,Gamma,1436
593,0.0161176985295498,449.345244601256,E,Silver,946.77247270663,-46,Gamma,1437
594,0.0127894719597256,654.057320897996,E,Silver,597.850477204373,-87,Gamma,1438
595,0.581854703770557,836.615209431412,E,Prata,199.634813570355,-18,Gamma,1439
596,0.57418469735056,10.9579280783346,E,Prata,777.532474395964,74,Gamma,1440
597,0.669539797243435,241.625132338452,E,Prata,52.6758827674623,24,Gamma,1441
598,0.29966875383266,267.169826134769,E,Prata,696.328195572388,0,Beta,1442
599,0.802879755436842,71.8714652035465,E,Prata,739.937452949435,-89,Beta,1443
600,0.604398661061104,977.473020501779,E,Prata,227.382048376162,35,Beta,1444
601,0.956991137767877,346.131423933702,E,Prata,65.6634157816964,76,Beta,1445
602,0.933777550283422,667.40971083682,E,Prata,100.940576160943,98,Beta,1446
603,0.894957309238782,888.284084375782,E,Prata,410.805554449385,97,Beta,1447
604,0.138365030932053,458.768744682666,E,Prata,549.210940967046,-31,Alpha,1448
605,0.157486757722221,830.743270406959,E,Prata,614.071311434198,-71,,1449
606,0.398574140536893,666.250333954921,E,Prata,716.281207684119,7,,1450
607,0.0134627764836912,477.23468966769,E,Prata,188.841644074786,32,,1451
608,0.107407490892055,901.291910669985,E,Prata,168.660761235895,62,,1452
609,0.827219565318686,250.538089103999,E,Prata,746.590038758535,-65,,1453
610,0.00901018726855853,501.976782254931,E,Prata,515.43996089363,31,,1454
611,0.687593228346011,365.694862198931,E,Prata,288.793925382448,62,,1455
612,0.286449690647393,673.01733235157,E,Prata,577.67131592149,52,,1456
613,0.574020216620077,14.7339913100128,E,Prata,715.265410265563,2,,1457
614,0.858759543152014,568.92636465209,E,Prata,506.594900021156,-88,,1458
615,0.0206356663346323,889.459740357705,E,Prata,670.035744458787,-8,,1459
616,0.597484193406697,148.853586349494,E,Prata,310.230752924074,-20,,1460
617,0.641677423377227,850.709596778591,E,Prata,290.169307155313,58,,1461
618,0.671981802207048,818.163698963211,E,Prata,944.221432347922,34,,1462
619,0.189047034546769,758.965107809432,E,Prata,719.793725030922,-98,,1463
620,0.080841931754122,837.100178972718,E,Prata,996.161641029998,11,,1464
621,0.406613519257735,769.332218336006,E,Prata,312.788198887815,-84,,1465
622,0.148370608439019,912.543080443284,E,Prata,234.945847567309,98,,1466
623,0.329871059894392,927.916340484825,E,Prata,20.5609767885096,76,,1467
624,0.718161803236393,333.715284044445,E,Prata,945.089053452536,-100,,1468
625,0.9003627670808,354.646666733527,E,Prata,595.903964015377,66,,1469
626,0.970446700192547,171.340898633303,E,Prata,96.2881438005151,88,,1470
627,0.396097631470528,525.969525149608,E,Prata,26.500715953281,46,,1471
628,0.735196066048056,499.874992580763,E,Prata,130.5958475596,81,,1472
629,0.957414330711842,407.549730266167,E,Prata,888.756856681445,-1,,1473
630,0.598922119565898,610.614109007868,E,Prata,799.213677268442,-91,,1474
631,0.814495345440056,915.366520924023,E,Prata,200.634401441207,67,,1475
632,0.855425484820299,724.362731302272,E,Prata,15.2669864569132,-2,,1476
633,0.974101195572761,92.3816312578089,E,Prata,490.299165125009,-66,,1477
634,0.400662582755299,365.50384673091,E,Prata,106.863299055485,28,,1478
635,0.863462065162874,109.579250536568,E,Prata,57.3892047181639,56,,1479
636,0.755663803532067,647.946542497225,E,Prata,122.731738226339,-17,,1480
637,0.959936803862976,642.945088005859,E,Prata,853.687460616446,2,,1481
638,0.31689761327013,258.136471933398,E,Prata,84.7357179179155,4,,1482
639,0.76562929583428,182.239762268254,E,Gold,342.68861093503,-52,,1483
640,0.573634117889019,765.521041577975,E,Silver,851.441815954531,-40,,1484
641,0.155041165287238,729.919190537901,E,Silver,968.67174475613,-67,,1485
642,0.29395761565119,513.747268226526,E,Silver,777.297721956609,67,,1486
643,0.751642253437905,890.249763986498,E,Silver,40.2453778780688,-50,,1487
644,0.940239193342146,829.682686124645,E,Silver,791.007944648609,72,,1488
645,0.325193816957559,593.211776094732,E,Silver,330.016338874196,-37,,1489
646,0.476274458697469,325.00778874941,E,Silver,25.1821125805271,8,,1490
647,0.857758776251312,164.398463725547,E,Silver,662.66471859324,-35,,1491
648,0.0292443817959008,859.61523636725,E,Silver,784.379489344826,52,,1492
649,0.946334643348213,174.919200334798,E,Silver,729.774908716958,43,,1493
650,0.28546367064224,560.567071487257,E,Silver,452.742663184623,9,,1494
651,0.0281632096118251,895.703810161206,E,Silver,446.600753724724,-87,,1495
652,0.232420219666084,201.019730500183,E,Silver,987.259743767701,1,,1496
653,0.102825949657908,334.694960932892,E,Prata,496.299749716023,15,,1497
654,0.928938236738579,774.990233073348,E,Prata,800.184857899505,-33,,1498
655,0.308280342881889,800.63812706046,E,Prata,109.863194451891,32,,1499
656,0.663664662588922,171.49916404859,E,Prata,851.402114160473,-92,,1500
657,0.729843194625107,347.620747843602,E,Prata,165.346628218525,96,,1501
658,0.769899029553757,164.758062344208,E,Prata,386.882074477896,-12,,1502
659,0.557674414794383,727.977564271594,E,Prata,3.38149728156383,-98,,1503
660,0.81300584599829,93.8613678032768,E,Prata,711.315043041548,-21,,1504
661,0.493865144186413,308.422572531939,E,Prata,802.567527261165,7,,1505
662,0.200072655590766,369.52663267572,E,Prata,157.017587123267,-73,,1506
663,0.711863821142022,284.570097485411,E,Prata,814.399388810966,-63,,1507
664,0.985943051156907,479.258262635837,E,Prata,831.058321009243,-1,,1508
665,0.304212841105714,841.961073484369,E,Prata,717.640965526759,56,,1509
666,0.0512106558395263,593.032384963417,E,Prata,640.82102936452,73,,1510
667,0.258914191657296,12.0845422750189,E,Prata,354.886648686509,64,,1511
668,0.0231737348175678,152.576186954141,E,Prata,122.124256944901,-78,,1512
669,0.921812067797366,27.9110684317816,E,Prata,30.2375197619514,-28,,1513
670,0.745177885082311,132.280079984765,E,Prata,51.742427624695,-55,,1514
671,0.161673157042334,516.478585805425,E,Prata,218.730428225277,40,,1515
672,0.619359771236459,921.522499751258,E,Prata,721.129284565748,67,,1516
673,0.433139237892101,867.997684193858,E,Prata,99.4433336236205,39,,1517
674,0.518960353561818,533.311885808519,E,Prata,7.08005243894015,-23,,1518
675,0.397499247660643,926.966796936185,E,Prata,720.700103477973,91,,1519
676,0.0147677698433336,99.7978999478436,E,Prata,578.62129563907,16,,1520
677,0.798786999343444,628.907512916541,E,Prata,433.66567451195,-63,,1521
678,0.852300436888682,986.006021325366,E,Prata,432.089603264399,24,,1522
679,0.574017579786203,343.308724587555,E,Prata,751.272100275406,18,,1523
680,0.0520069233094102,386.137656904404,E,Prata,140.670654854799,-11,,1524
681,0.0419808576456999,472.402395337178,E,Prata,707.200087542547,-3,,1525
682,0.784202300915779,890.101867722995,E,Prata,531.332916780844,4,,1526
683,0.639249650894061,105.480965539391,E,Prata,10.2511906371472,-33,,1527
684,0.52250794839361,617.898257085277,E,Prata,487.900684284381,-14,,1528
685,0.332751964278165,66.5865169312079,E,Prata,519.735862417829,-36,,1529
686,0.445637874273083,161.666969144825,E,Prata,589.134215279004,-91,,1530
687,0.321669466977637,714.655405801651,E,Prata,992.969029178275,43,,1531
688,0.962607560505124,645.448069834276,E,Prata,300.888547067813,-25,,1532
689,0.5823268649421,106.724683882998,E,Prata,209.183412036094,-86,,1533
690,0.292538561325966,179.884331372405,E,Prata,552.391752137174,33,,1534
691,0.943351103593915,616.331493798345,E,Prata,405.760961014472,79,,1535
692,0.97416734297055,759.819187670535,E,Prata,557.606517347598,35,,1536
693,0.759003252727302,411.449755454123,B,Prata,225.853726511032,-1,,1537
694,0.259435116639369,539.897278429139,B,Prata,183.037414115726,45,,1538
695,0.323909948133511,987.489852157751,B,Prata,664.936647341206,39,,1539
696,0.636128999136524,352.61219485409,B,Prata,579.351870345209,-3,,1540
697,0.376743612633115,929.323700225387,B,Gold,240.123689530498,51,,1541
698,0.660985916796121,355.399219372839,B,Silver,494.466899807625,-81,,1542
699,0.351934673219688,356.28395064499,B,Silver,615.554269103408,-96,,1543
700,0.932208604171376,427.505926545918,B,Silver,739.858700778093,-83,,1544
701,0.217644119913849,120.860714821012,B,Silver,254.95800429814,-51,,1545
702,0.211104915867582,738.356927387846,B,Silver,465.142239656209,-70,,1546
703,0.258415312660093,595.24977360826,B,Silver,207.986492242417,-62,Gamma,1547
704,0.987690557080933,262.125024571055,B,Silver,456.905201732506,-8,Gamma,1548
705,0.580127775326597,352.900364319456,B,Silver,538.447563955562,76,Gamma,1549
706,0.272924743568625,741.87379294413,B,Silver,38.1620193627307,18,Gamma,1550
707,0.29657229788422,903.644734368792,B,Silver,216.758218292399,67,Gamma,1551
708,0.540181708926072,307.18133984689,B,Silver,745.311066231123,-6,Gamma,1552
709,0.288480572808815,808.797555103749,B,Silver,804.667919440981,-8,Gamma,1553
710,0.830132810135301,893.076040635093,B,Silver,158.149572177868,30,Gamma,1554
711,0.907805291468257,673.315613984473,B,Prata,304.701887375847,-53,Gamma,1555
712,0.518091208211356,508.876930982446,B,Prata,546.797888826805,37,Gamma,1556
713,0.52919730442332,683.246369771231,C,Prata,93.427251624009,-33,Gamma,1557
714,0.487728853816583,483.254111972244,C,Prata,446.245980293587,15,Gamma,1558
715,0.899255999144886,424.865040687208,C,Prata,773.093250229833,94,Beta,1559
716,0.477207326520164,635.552635204267,C,Prata,26.2160169076379,24,Beta,1560
717,0.0770271060402176,652.915453914149,C,Prata,526.01344258639,41,Beta,1561
718,0.265198293725216,961.095222857967,C,Prata,8.93365196474529,-33,Beta,1562
719,0.796200047122556,560.347885488837,C,Prata,183.408668093145,-45,Beta,1563
720,0.578162467859899,481.413964401921,C,Prata,431.387313639538,-12,Beta,1564
721,0.443369459748575,330.375676468163,C,Prata,397.52894389309,-15,Alpha,1565
722,0.341466089400145,149.885387813306,C,Prata,237.263991174851,-48,,1566
723,0.27565485853066,294.393570550768,C,Prata,938.798535960501,47,,1567
724,0.213152767471884,869.752983403503,C,Prata,6.52229728996649,26,,1568
725,0.184423599129013,800.304167779863,C,Prata,236.626853533378,68,,1569
726,0.815543938202761,953.099528623934,C,Prata,263.093792543726,-83,,1570
727,0.0516567344328206,14.0564364160105,C,Prata,756.438475342476,-67,,1571
728,0.971183780025019,435.667899789133,C,Prata,595.386381490656,-78,,1572
729,0.0440299789215915,449.469440089889,C,Prata,606.181981162451,-83,,1573
730,0.391945577970371,170.520318455577,C,Prata,5.94176718616677,45,,1574
731,0.824775910102015,47.3174157637248,C,Prata,12.0004289368325,-20,,1575
732,0.804085250743363,959.030574458441,C,Prata,444.241324004237,54,,1576
733,0.588009911160373,354.489549842999,C,Prata,34.4584475526687,-79,,1577
734,0.40554683998819,744.17628887375,C,Prata,121.848715698746,21,,1578
735,0.270789194432509,838.259452303742,C,Prata,887.439373224373,-32,,1579
736,0.382459107409364,733.737522171401,C,Prata,406.417209673868,-28,,1580
737,0.0551524916951355,832.73521192479,C,Prata,234.354285716095,70,,1581
738,0.960269337621198,673.265806919847,C,Prata,872.453265726993,21,,1582
739,0.81595634876476,148.79276682755,C,Prata,663.82663029498,-1,,1583
740,0.72529477245959,700.104834780375,C,Prata,60.4428896183895,-64,,1584
741,0.0564669317288951,889.325074554718,C,Prata,483.744173101689,92,,1585
742,0.381320559105807,215.889532164303,C,Prata,419.804906137639,75,,1586
743,0.681790957942857,171.55547628861,C,Prata,728.588699111284,-68,,1587
744,0.629823472098494,274.329147291357,C,Prata,472.871235741758,-70,,1588
745,0.594714386033915,960.996166343963,C,Prata,550.435198918547,-63,,1589
746,0.446437642397251,431.385993305831,C,Prata,390.739827490944,27,,1590
747,0.283573935358544,37.7576093471086,C,Prata,763.065865992625,-10,,1591
748,0.750855528074312,317.094435183961,C,Prata,505.197814966079,9,,1592
749,0.363570636257583,960.339147302531,C,Prata,717.03040101936,74,,1593
750,0.987885925165044,67.5696813526172,C,Prata,740.540208314639,66,,1594
751,0.520580216939553,255.290247609943,C,Prata,864.132546407357,58,,1595
752,0.590837231372167,145.944422944038,C,Prata,802.519668200858,-95,,1596
753,0.841693250637328,10.4756299313629,C,Prata,662.139463166885,98,,1597
754,0.433905763374835,242.494820321888,C,Prata,978.016331078837,82,,1598
755,0.194311351885017,960.227637468938,C,Gold,367.229700686294,-94,,1599
756,0.528271703420829,664.161585025286,C,Silver,732.620107233645,-68,,1600
757,0.580376350940451,632.784202258364,C,Silver,279.801483316237,-67,,1601
758,0.774927880819293,483.834795238562,C,Silver,31.0588267346103,46,,1602
759,0.053077695184877,562.307088136877,C,Silver,150.637067400205,-37,,1603
760,0.209483413713524,732.049122148663,C,Silver,239.102581629136,-18,,1604
761,0.86311822458134,143.146600212872,C,Silver,844.661344016232,6,,1605
762,0.243797171323254,979.542988854213,C,Silver,591.289731362289,-25,,1606
763,0.888568750007581,968.927181727554,C,Silver,323.335424911183,43,,1607
764,0.438719828647768,351.34472729032,C,Silver,148.420229101111,-9,,1608
765,0.0830460134331408,920.219922848686,C,Silver,818.448975672611,27,,1609
766,0.694401737300599,584.780733459536,C,Silver,280.558043152556,-79,,1610
767,0.287684374513492,530.117368874822,C,Silver,10.3000545460329,-33,,1611
768,0.873161583734988,176.758582916369,C,Silver,773.191059246184,86,,1612
769,0.0231430801189032,209.324870533371,C,Prata,411.423963476107,62,,1613
770,0.158496709534791,886.760069172939,C,Prata,341.582772733789,91,,1614
771,0.558831923839415,146.563230806265,C,Prata,673.557660991716,73,,1615
772,0.814388258175939,342.930578968534,C,Prata,193.152462596893,93,,1616
773,0.593814386939622,943.929629364076,C,Prata,843.224362618631,35,,1617
774,0.606354208375925,262.894197002392,C,Prata,642.726695463499,-34,,1618
775,0.434325451573538,356.629563165199,C,Prata,798.69955328064,-88,,1619
776,0.384963245988655,426.009165684363,C,Prata,635.680063395352,-1,,1620
777,0.23512748795748,368.409200716814,C,Prata,342.862878588778,72,,1621
778,0.910479276774255,18.3863382738677,C,Prata,421.601085392567,-60,,1622
779,0.405086404581751,102.653218211396,C,Prata,957.5849974996,-19,,1623
780,0.526665477167433,351.40566470667,C,Prata,186.058373163756,77,,1624
781,0.11468037147942,598.222204210124,C,Prata,843.808790987163,74,,1625
782,0.415550705523985,76.7759190744944,C,Prata,141.320437375632,-30,,1626
783,0.937314909968916,66.943980861822,C,Prata,728.496543199488,-8,,1627
784,0.396251496455608,938.36279938038,C,Prata,372.089390387231,-34,,1628
785,0.671299447024073,160.703633508899,C,Prata,631.925405204032,77,,1629
786,0.0490801108895226,810.253538884464,C,Prata,629.295459214122,-98,,1630
787,0.072195061471211,114.307649657479,C,Prata,479.969178129374,3,,1631
788,0.693112165086388,964.040755670265,C,Prata,174.039713941549,17,,1632
789,0.788117432210412,517.560226765586,C,Prata,938.154614605262,-20,,1633
790,0.871668053123572,828.956701785919,C,Prata,331.86619670545,-49,,1634
791,0.63204476056268,962.211805571376,C,Prata,622.145035574972,32,,1635
792,0.599971791978009,652.072489933998,C,Prata,278.607259346039,-47,,1636
793,0.894478720445595,556.106361837952,C,Prata,282.910712278909,72,,1637
794,0.654783145360525,790.626910186062,C,Prata,123.402884994413,97,,1638
795,0.667533355348321,928.221282110394,C,Prata,486.414298088252,-40,,1639
796,0.958298744174358,919.732601429911,C,Prata,477.367722311902,16,,1640
797,0.0408795562708716,145.078580859795,C,Prata,683.85296430101,97,,1641
798,0.478612469419933,994.171646822845,C,Prata,61.0282900019843,-37,,1642
799,0.365334862829438,43.7006385043286,C,Prata,122.637555830118,60,,1643
800,0.983686341935859,408.643160590429,C,Prata,741.706374318751,-78,,1644
801,0.378085547488755,558.829148524792,C,Prata,349.671030619168,97,,1645
802,0.922512496779182,169.965165563693,C,Prata,877.300458222314,-41,,1646
803,0.455413279625919,72.6270841915951,C,Prata,168.318231870644,-74,,1647
804,0.834397595618487,981.599701267226,C,Prata,462.278876933825,34,,1648
805,0.781405147826213,612.916030155266,C,Prata,252.330918701271,31,,1649
806,0.967956196424686,227.142948582141,C,Prata,463.352689529215,35,,1650
807,0.716797527250242,468.686937845419,C,Prata,924.466145801889,68,,1651
808,0.524079590431637,235.834700150923,C,Prata,803.567420192964,-69,,1652
809,0.200527867866561,216.319448597805,C,Prata,712.983053132428,-3,,1653
810,0.475281229765414,589.117728594072,C,Prata,327.384362538829,-13,,1654
811,0.0579593212979731,971.713983683538,C,Prata,447.117400855606,-77,,1655
812,0.201867525818026,397.280912068839,C,Prata,556.546983574191,-34,,1656
813,0.895081827874305,786.441838588877,C,Gold,221.120838188094,26,,1657
814,0.783622682841889,627.26492089827,C,Silver,83.7170864295781,-44,,1658
815,0.469459634551383,365.756386214059,C,Silver,806.586435010067,-98,,1659
816,0.212426922199257,805.97170029418,C,Silver,56.9819467641192,-1,,1660
817,0.758598989448411,540.297098078404,C,Silver,617.014492473982,91,,1661
818,0.739351717114069,370.140863761001,C,Silver,721.028566042502,84,,1662
819,0.0108524004805069,565.23919353496,C,Silver,103.570025425107,50,,1663
820,0.477256965230499,754.26779906888,C,Silver,579.466157274522,96,Gamma,1664
821,0.168743130010504,578.247456404419,C,Silver,588.411748069304,-25,Gamma,1665
822,0.347690169904311,69.8714296441762,C,Silver,567.577522974402,-67,Gamma,1666
823,0.733539000522579,649.721364572287,C,Silver,874.335541745835,-20,Gamma,1667
824,0.0316061715090086,284.484126707772,C,Silver,183.631661217021,1,Gamma,1668
825,0.422930718539867,423.429114458089,C,Silver,395.746504009674,-67,Gamma,1669
826,0.163516764712893,979.084964672828,C,Silver,914.188200002039,-54,Gamma,1670
827,0.375843737610836,529.847818606221,C,Prata,669.699277844078,-74,Gamma,1671
828,0.90234078307645,387.781050937814,C,Prata,947.225185460437,2,Gamma,1672
829,0.852319573388475,767.020261262018,C,Prata,895.599753433937,-15,Gamma,1673
830,0.49253734550933,207.847026779291,C,Prata,137.302286948292,55,Gamma,1674
831,0.0640703456965646,961.044330613783,C,Prata,698.60907349227,-6,Gamma,1675
832,0.192721517642579,442.000229575141,C,Prata,255.626290801706,-4,Beta,1432
833,0.477044361279372,302.103411990928,C,Prata,110.237595186076,77,Beta,1433
834,0.225470753775116,226.429928741446,C,Prata,605.510741769864,87,Beta,1434
835,0.344362069519293,682.48182392423,C,Prata,792.814241755423,-2,Beta,1435
836,0.407410511576505,27.8569111967132,C,Prata,8.403234039152,-52,Beta,1436
837,0.0103067472646894,420.385369421554,C,Prata,990.426896688125,-34,Beta,1437
838,0.396695304239908,463.400169747275,C,Prata,534.492974542132,-49,Alpha,1438
839,0.620621647353059,482.930393981977,C,Prata,519.294816251779,-38,,1439
840,0.327490590062786,979.345614522762,C,Prata,77.4540706816499,96,,1440
841,0.64535167676392,897.776066050485,C,Prata,187.715424041604,97,,1441
842,0.244516888035281,937.841572325748,C,Prata,542.229444376912,44,,1442
843,0.0910614260805432,142.845819969275,E,Prata,861.798407723641,36,,1443
844,0.653517411256155,141.193471635734,E,Prata,714.485318489995,57,,1444
845,0.283748563201911,908.365679470509,E,Prata,804.700410181561,21,,1445
846,0.482822799155694,996.183274251239,E,Prata,958.289223165761,-23,,1446
847,0.729089507859934,777.614365375726,E,Prata,37.9474814295651,-32,,1447
848,0.0452372293728591,549.589380103041,E,Prata,840.421198850797,-37,,1448
849,0.00268380106635419,869.535313186512,E,Prata,642.615672006151,38,,1449
850,0.204333554506482,552.925821513318,E,Prata,229.473990515942,-4,,1450
851,0.117914895072213,187.976819977107,E,Prata,909.078811337417,62,,1451
852,0.4268981788389,101.803160516126,E,Prata,687.753555973518,95,,1452
853,0.592672119181896,868.718818036208,E,Prata,672.864446506075,68,,1453
854,0.73529617014377,207.584991117034,E,Prata,262.480865630329,-80,,1454
855,0.707436309770725,589.638586011672,E,Prata,869.43933495509,68,,1455
856,0.034302752186953,311.95907407542,E,Prata,9.72294390621538,-30,,1456
857,0.650453705240651,932.894854326339,E,Prata,43.8035189262836,-47,,1457
858,0.145817029878005,300.927224211433,E,Prata,240.542282093088,-47,,1458
859,0.998332761373208,17.7846158914646,E,Prata,98.6443227808359,61,,1459
860,0.684704302569363,379.295723387016,E,Prata,968.279307345422,19,,1460
861,0.145161417291063,636.85435592766,E,Prata,755.804178342205,33,,1461
862,0.0788922790196452,538.412864252533,E,Prata,302.220776991816,-98,,1462
863,0.820273379542508,413.230417649098,E,Prata,204.672774156766,8,,1463
864,0.823618062092645,861.698541744561,E,Prata,9.4780235255011,-35,,1464
865,0.393917279613688,524.309515223315,E,Prata,371.97718321635,61,,1465
866,0.323271541437547,215.344249291411,E,Prata,918.515682487096,-53,,1466
867,0.972091411063676,900.487749362813,E,Prata,770.035474935421,71,,1467
868,0.77029833380653,216.216358410265,E,Prata,643.775049613137,-4,,1468
869,0.124315260111965,435.6244842032,E,Prata,392.086433864406,93,,1469
870,0.753403147842391,710.159962849329,E,Prata,712.4870644993,80,,1470
871,0.734922212804107,378.463508173886,E,Gold,267.6679687296,-50,,1471
872,0.175464849719635,401.885358645315,E,Silver,131.574084105504,9,,1472
873,0.581628833583476,6.43994573683959,E,Silver,695.729031494877,-51,,1473
874,0.0656202187536749,934.368236819838,E,Silver,211.251767910837,-69,,1474
875,0.678763340654026,939.456119764339,E,Silver,6.42677279346013,43,,1475
876,0.20560842968144,99.2518276307471,E,Silver,359.00173064052,61,,1476
877,0.576230845224554,768.005122533482,E,Silver,277.234344875213,-22,,1477
878,0.682093122231394,721.273172880139,E,Silver,1.81116961349338,-7,,1478
879,0.76705270359954,127.639269456428,E,Silver,611.280501870442,7,,1479
880,0.0482863524878478,418.60038340374,E,Silver,850.823364220015,19,,1480
881,0.493936387328676,955.327349108519,E,Silver,483.087866882672,-57,,1481
882,0.590679632309156,169.389146600655,E,Silver,914.850685784613,34,,1482
883,0.37919373164855,76.1484558496134,E,Silver,949.616739281516,72,,1483
884,0.353420373907634,131.199765987153,E,Silver,946.574980662954,-34,,1484
885,0.815236278621353,461.772202351848,E,Prata,496.511506387142,-93,,1485
886,0.64970836806662,56.7342111255833,E,Prata,242.982397069428,-92,,1486
887,0.434757310331963,713.443728155017,E,Prata,455.075941255775,-62,,1487
888,0.5124578128189,691.679488472366,E,Prata,610.340681585949,-80,,1488
889,0.5430065592797,454.084029745083,E,Prata,504.526326350165,20,,1489
890,0.597407441835525,438.122910693798,E,Prata,895.062466011108,-99,,1490
891,0.18882108693508,503.239963422758,E,Prata,82.5562129485849,66,,1491
892,0.110558806099136,607.003226416117,E,Prata,253.963910632046,-60,,1492
893,0.907543612552221,487.131615839154,E,Prata,529.819631961494,-93,,1493
894,0.557168335770404,862.48681334616,E,Prata,253.524537900057,66,,1494
895,0.35353175029678,82.27708169108,E,Prata,341.78619273724,-45,,1495
896,0.9520305649062,915.9823458774,E,Prata,666.832119044722,-56,,1496
897,0.539853404046417,879.667458630571,E,Prata,118.225609866645,-12,,1497
898,0.879643102881323,505.64487470915,B,Prata,830.36050259908,-36,,1498
899,0.840982580682287,447.52668904759,A,Prata,836.8360536712,-79,,1499
900,0.0855862489196814,644.892658267053,B,Prata,954.420413689033,73,,1500
901,0.432699421551778,536.093768034919,B,Prata,15.4701541584449,39,,1501
902,0.874648973287938,244.551762123772,B,Prata,876.446518356362,-99,,1502
903,0.0916334207165418,894.033006855643,B,Prata,393.127878762716,64,,1503
904,0.703203998169332,70.5515852345028,B,Prata,910.170225106614,-82,,1504
905,0.971889809425179,84.3060863929069,B,Prata,951.661112518965,13,,1505
906,0.573400192310322,519.191450297783,B,Prata,44.1142711973705,-85,,1506
907,0.091428027424369,960.552606441073,B,Prata,575.889047276011,75,,1507
908,0.375091964517631,838.028048766575,B,Prata,915.291609871438,-11,,1508
909,0.925964157627212,471.614093856321,B,Prata,10.9656764929743,-50,,1509
910,0.54773290731042,888.173961089561,B,Prata,694.380072411807,55,,1510
911,0.78001934888627,827.951422892699,B,Prata,632.32640279407,-44,,1511
912,0.942815474602352,513.424573952394,B,Prata,859.536400529586,-85,,1512
913,0.185873080735852,515.014544671161,B,Prata,348.783940949165,-100,,1513
914,0.0051020988817783,555.727920793736,B,Prata,607.100591175766,36,,1514
915,0.738528498184705,510.097708632567,B,Prata,125.970294130495,-80,,1515
916,0.425359174737798,529.397509255723,B,Prata,604.303237163037,64,,1516
917,0.650922241779519,237.006301569837,B,Prata,343.618650306687,19,,1517
918,0.849615144268988,668.062303464471,B,Prata,948.884247544443,50,,1518
919,0.194768924777182,737.029070059844,B,Prata,69.7363073945466,-29,,1519
920,0.446080184447588,540.634678923491,B,Prata,4.58076646672505,-22,,1520
921,0.619142395200569,188.783303336702,B,Prata,734.434138242773,-51,,1521
922,0.791368453533906,27.2407455151859,B,Prata,630.174735485487,-39,,1522
923,0.982819388069193,326.584748401824,B,Prata,409.8937340056,-62,,1523
924,0.772449533725407,851.478785025782,B,Prata,429.895214160679,10,,1524
925,0.751029665160822,746.592936098956,B,Prata,531.797009720562,23,,1525
926,0.7518319441428,398.962518788682,B,Prata,614.854982260533,-63,,1526
927,0.883059622155278,143.380449367529,B,Prata,175.552351358592,0,,1527
928,0.609925723881815,102.589594133296,B,Prata,18.3037847671212,96,,1528
929,0.757430480596475,49.8767876138012,B,Prata,936.711671662861,95,,1529
930,0.411668251142417,176.340204308033,B,Prata,380.960582304053,-24,,1530
931,0.97416726240542,391.029448326916,B,Prata,456.123976534981,-68,,1531
932,0.493727306036964,824.750420300425,B,Prata,805.908621410762,25,,1532
933,0.671297041445629,3.38538202971741,B,Prata,734.470665091647,78,,1533
934,0.959782961691877,977.85997884017,B,Prata,597.959125025366,-13,,1534
935,0.847554589612506,167.025464271458,B,Prata,338.105275389285,19,,1535
936,0.326447104578306,742.625183299515,B,Prata,191.600043996526,-56,,1536
937,0.490371934899838,326.527672589053,B,Prata,499.432506436623,2,Gamma,1537
938,0.260897409058317,397.049604474758,B,Prata,265.639759349836,-37,Gamma,1538
939,0.617647903754236,233.342974643346,B,Prata,766.009067281168,-7,Gamma,1539
940,0.0619942744476874,301.603085617079,B,Prata,583.979530716916,84,Gamma,1540
941,0.568398933942031,986.742994449922,B,Prata,607.217649405061,24,Gamma,1541
942,0.261522255818115,503.547914060363,B,Prata,561.526540661052,-83,Gamma,1542
943,0.590796814838289,714.489195745901,B,Prata,823.505102182057,-34,Gamma,1543
944,0.17432396429883,529.286464399717,B,Prata,187.605703007308,-6,Gamma,1544
945,0.964377540673388,126.985392569173,B,Prata,801.004970552409,9,Gamma,1545
946,0.607746704834191,630.563286313676,B,Prata,410.431723373383,-61,Gamma,1546
947,0.667093186646518,316.01918276884,B,Prata,114.405280345104,-16,Gamma,1547
948,0.811896660531608,279.313661568578,B,Prata,411.439029473444,22,Gamma,1548
949,0.987638789496294,311.842361406168,B,Prata,686.714135641009,66,Beta,1549
950,0.78175709592741,692.039807310612,B,Prata,669.051092348892,-46,Beta,1550
951,0.146384559034679,234.316841522361,B,Prata,832.058729105881,12,Beta,1551
952,0.752580718522391,520.351792539605,B,Prata,22.0474816755946,52,Beta,1552
953,0.035892542795995,152.682391847446,B,Prata,490.2052915298,-30,Beta,1553
954,0.152574982340181,726.117442549968,B,Prata,625.915382560563,49,Beta,1554
955,0.718193087114257,607.407044853415,B,Prata,830.518812550503,99,Alpha,1555
956,0.29213732619595,158.641365846491,B,Prata,363.088019650974,-84,,1556
957,0.0792749592586057,462.213221621818,B,Prata,341.209968716678,-45,,1557
958,0.266677637774201,863.580354319965,B,Prata,576.381128593547,93,,1558
959,0.458528758675888,466.380931779433,B,Prata,620.738080008161,-55,,1559
960,0.393344623219901,716.916982072471,B,Prata,20.7614647405051,59,,1560
961,0.171741309039843,16.2400027375013,B,Prata,109.851533767734,-72,,1561
962,0.56137286497738,171.141863342055,B,Prata,827.207761304122,-98,,1562
963,0.407637211449623,923.134944428953,B,Prata,573.497216383072,71,,1563
964,0.356304928345733,63.1452055896955,B,Prata,456.447549615632,-32,,1564
965,0.94135328745614,954.162289975731,B,Prata,835.799507177512,12,,1565
966,0.680220184962265,328.505566285533,B,Prata,230.243716828539,-19,,1566
967,0.678625815226389,316.526219523682,B,Prata,699.443162194482,-51,,1567
968,0.971694719579427,75.1116975245852,B,Prata,526.465783529065,81,Beta,1568
969,0.745781821888421,612.340689723314,B,Prata,113.792598075866,-41,Beta,1569
970,0.270633131364204,577.280620249482,B,Prata,407.663154553168,48,Beta,1570
971,0.162775494808774,274.551456993431,B,Prata,713.538927794707,-60,Beta,1571
972,0.695467404711685,66.6825902315902,B,Prata,559.294553199053,12,Beta,1572
973,0.365659985443222,233.091654123986,B,Prata,564.33894118399,-81,Beta,1573
974,0.692708086368853,731.926391254304,B,Prata,575.548143744604,-49,Beta,1574
975,0.244794772679734,528.590773034383,B,Prata,801.633674651316,45,Beta,1575
976,0.966947746033849,338.820647069879,B,Prata,875.958337838565,91,Beta,1576
977,0.35445347606954,910.747886997068,B,Prata,899.813817294858,-60,Beta,1577
978,0.000185045413628431,114.453422572836,B,Prata,280.25547116523,-18,Beta,1578
979,0.382819730733861,99.4195096445293,B,Prata,859.989521860427,79,Beta,1579
980,0.397359133914456,783.278486804635,B,Prata,835.934231077932,-75,Beta,1580
981,0.609050515615124,162.335279756338,B,Prata,142.320385470082,-52,Beta,1581
982,0.103727797684507,215.45765468925,B,Prata,716.138244140356,34,Beta,1582
983,0.598777740292349,634.128866969002,B,Prata,306.284377131285,98,Beta,1583
984,0.0493592694352503,576.640497602849,B,Prata,563.647246443994,80,Beta,1584
985,0.187580256029195,867.18664509002,B,Prata,532.727082995886,82,Beta,1585
986,0.905265384096171,971.73661993091,B,Prata,844.15043110706,-1,Beta,1586
987,0.123380019116986,426.468152540572,B,Prata,987.068088346672,97,Beta,1587
988,0.594192269901069,588.690366485126,B,Prata,322.310585188266,-46,Beta,1588
989,0.566905609795695,372.262706836461,B,Prata,506.459649648877,20,Beta,1589
990,0.66167445619504,423.817641405333,B,Prata,141.795192713317,-79,,1590
991,0.678991783588241,557.581972215413,B,Prata,635.509850169656,3,,1591
992,0.692627019111915,893.21653984028,B,Prata,975.900721444494,85,,1592
993,0.825872605451707,506.291030369252,B,Prata,347.732313611092,7,,1593
994,0.959765216406508,738.831562352872,B,Prata,67.3842633004522,9,,1594
995,0.474979093461832,453.500972608316,B,Prata,14.0791241281753,33,Gamma,1595
996,0.518898212421144,34.0965992975112,B,Prata,712.135038163448,-86,Gamma,1596
997,0.217950130762094,74.3218801403986,B,Prata,777.379204632131,-93,Gamma,1597
998,0.923590921629174,165.577074542959,B,Prata,847.555603453153,66,,1598
999,0.290057624828836,500.412293405762,B,Prata,958.247498162824,37,Alpha,1599
1000,0.0432759565581071,920.506722271134,B,Prata,687.753336916526,49,Alpha,1600
